CLARKE;England;International;Keeper;Substitute
ETCHELLS;England;International;Keeper;Starter
HICKSON;England;International;Defender;Starter
CONEY;England;International;Defender;Starter
JOULE;England;International;Defender;Starter
TAYLOR;England;International;Defender;Starter
FARROW;England;International;Defender;Substitute
CAMPBELL;England;International;Defender;Substitute
BRUNNING;England;International;Midfield;Substitute
NORTON;England;International;Midfield;Substitute
STEWART;England;International;Midfield;Starter
ROWELL;England;International;Midfield;Starter
TEMPLE;England;International;Midfield;Substitute
WALKER;England;International;Midfield;Starter
WRAY;England;International;Midfield;Starter
PATERSON;England;International;Midfield;Substitute
MANFORD;England;International;Forward;Substitute
KNOTT;England;International;Forward;Starter
HIBBERT;England;International;Forward;Substitute
GUNTER;England;International;Forward;Starter
FIELDING;England;International;Forward;Substitute
BUTCHER;England;City 1;Unknown;Substitute
ANDERSON;England;City 1;Unknown;Starter
GIBBONS;England;City 1;Unknown;Starter
MCMANUS;England;City 1;Unknown;Starter
ORTON;England;City 1;Unknown;Starter
HOWARTH;England;City 1;Unknown;Starter
HARDMAN;England;City 1;Unknown;Substitute
DALEY;England;City 1;Unknown;Substitute
STRACHAN;England;City 1;Unknown;Substitute
BENNETT;England;City 1;Unknown;Substitute
WARDLE;England;City 1;Unknown;Starter
CONRAN;England;City 1;Unknown;Starter
OWEN;England;City 1;Unknown;Substitute
KING;England;City 1;Unknown;Starter
PARFITT;England;City 1;Unknown;Starter
WHYTE;England;City 1;Unknown;Substitute
CARTMAIL;England;City 1;Unknown;Substitute
HALSTEAD;England;City 1;Unknown;Starter
MITCHELL;England;City 1;Unknown;Substitute
STEADMAN;England;City 1;Unknown;Starter
HALL;England;City 1;Unknown;Substitute
BRADY;England;City 2;Unknown;Substitute
PERRIN;England;City 2;Unknown;Starter
GOODWIN;England;City 2;Unknown;Starter
POYNTON;England;City 2;Unknown;Starter
TALBOT;England;City 2;Unknown;Starter
KIDMAN;England;City 2;Unknown;Starter
MORGAN;England;City 2;Unknown;Substitute
MAYALL;England;City 2;Unknown;Substitute
COOPER;England;City 2;Unknown;Substitute
RYDELL;England;City 2;Unknown;Substitute
MORTON;England;City 2;Unknown;Starter
PRINCE;England;City 2;Unknown;Starter
INMAN;England;City 2;Unknown;Substitute
BECKMAN;England;City 2;Unknown;Starter
TARNEY;England;City 2;Unknown;Starter
SHAW;England;City 2;Unknown;Substitute
GERBET;England;City 2;Unknown;Substitute
WOODLEY;England;City 2;Unknown;Starter
PETERS;England;City 2;Unknown;Substitute
EVANS;England;City 2;Unknown;Starter
LITLER;England;City 2;Unknown;Substitute
CROWTHER;England;City 3;Unknown;Substitute
FOX;England;City 3;Unknown;Starter
DAWSON;England;City 3;Unknown;Starter
HERRICK;England;City 3;Unknown;Starter
ARNOUT;England;City 3;Unknown;Starter
GRAHAM;England;City 3;Unknown;Starter
VOWELS;England;City 3;Unknown;Substitute
WASHBROOK;England;City 3;Unknown;Substitute
BULMER;England;City 3;Unknown;Substitute
STEIN;England;City 3;Unknown;Substitute
HANCOCK;England;City 3;Unknown;Starter
ANDERSON;England;City 3;Unknown;Starter
DEAN;England;City 3;Unknown;Substitute
RICHARDS;England;City 3;Unknown;Starter
FERNALL;England;City 3;Unknown;Starter
MC DONALD;England;City 3;Unknown;Substitute
EMERY;England;City 3;Unknown;Substitute
FREELAND;England;City 3;Unknown;Starter
HARROP;England;City 3;Unknown;Substitute
MANSFIELD;England;City 3;Unknown;Starter
ROBINSON;England;City 3;Unknown;Substitute
KINSEY;England;City 4;Unknown;Substitute
HAYNES;England;City 4;Unknown;Starter
JEFFERS;England;City 4;Unknown;Starter
TURNBULL;England;City 4;Unknown;Starter
JAMES;England;City 4;Unknown;Starter
KELLY;England;City 4;Unknown;Starter
ROGERS;England;City 4;Unknown;Substitute
POOLE;England;City 4;Unknown;Substitute
WRIGLEY;England;City 4;Unknown;Substitute
CARSON;England;City 4;Unknown;Substitute
LEYLAND;England;City 4;Unknown;Starter
HARDIMAN;England;City 4;Unknown;Starter
BIRKBY;England;City 4;Unknown;Substitute
QUINN;England;City 4;Unknown;Starter
JENKINS;England;City 4;Unknown;Starter
OGDEN;England;City 4;Unknown;Substitute
BENNETT;England;City 4;Unknown;Substitute
CONNELLY;England;City 4;Unknown;Starter
WILLIAMS;England;City 4;Unknown;Substitute
REDWOOD;England;City 4;Unknown;Starter
JONES;England;City 4;Unknown;Substitute
DOUGLAS;England;City 5;Unknown;Substitute
SMITH;England;City 5;Unknown;Starter
HYDE;England;City 5;Unknown;Starter
TULLEY;England;City 5;Unknown;Starter
DANIELS;England;City 5;Unknown;Starter
PORTER;England;City 5;Unknown;Starter
WILDING;England;City 5;Unknown;Substitute
WOODS;England;City 5;Unknown;Substitute
BATON;England;City 5;Unknown;Substitute
VICKERS;England;City 5;Unknown;Substitute
HARVEY;England;City 5;Unknown;Starter
NASH;England;City 5;Unknown;Starter
DOBKINS;England;City 5;Unknown;Substitute
LYLE;England;City 5;Unknown;Starter
TATE;England;City 5;Unknown;Starter
COLLIER;England;City 5;Unknown;Substitute
FREIDMAN;England;City 5;Unknown;Substitute
ALLEN;England;City 5;Unknown;Starter
CASSIDY;England;City 5;Unknown;Substitute
YOUNG;England;City 5;Unknown;Starter
VINE;England;City 5;Unknown;Substitute
WRAY;England;City 6;Unknown;Substitute
BUSH;England;City 6;Unknown;Starter
BROWN;England;City 6;Unknown;Starter
MACKAY;England;City 6;Unknown;Starter
SIMPSON;England;City 6;Unknown;Starter
GREEN;England;City 6;Unknown;Starter
MOLLOY;England;City 6;Unknown;Substitute
DENHAM;England;City 6;Unknown;Substitute
PARKER;England;City 6;Unknown;Substitute
FRASER;England;City 6;Unknown;Substitute
FIELD;England;City 6;Unknown;Starter
GRUNDY;England;City 6;Unknown;Starter
HARDY;England;City 6;Unknown;Substitute
KENNEDY;England;City 6;Unknown;Starter
SCOTT;England;City 6;Unknown;Starter
WEBB;England;City 6;Unknown;Substitute
DERKIN;England;City 6;Unknown;Substitute
HAZEL;England;City 6;Unknown;Starter
MARTIN;England;City 6;Unknown;Substitute
PALMER;England;City 6;Unknown;Starter
THOMAS;England;City 6;Unknown;Substitute
STIRLING;England;City 7;Unknown;Substitute
RODGERS;England;City 7;Unknown;Starter
TOWNES;England;City 7;Unknown;Starter
BLAIR;England;City 7;Unknown;Starter
VALENTINE;England;City 7;Unknown;Starter
CLEGG;England;City 7;Unknown;Starter
SHRIGLEY;England;City 7;Unknown;Substitute
CARTER;England;City 7;Unknown;Substitute
GOSLING;England;City 7;Unknown;Substitute
RIMMER;England;City 7;Unknown;Substitute
GALLAWAY;England;City 7;Unknown;Starter
FLETCHER;England;City 7;Unknown;Starter
HOGG;England;City 7;Unknown;Substitute
BLANKSBY;England;City 7;Unknown;Starter
WATSON;England;City 7;Unknown;Starter
BRUCE;England;City 7;Unknown;Substitute
GILL;England;City 7;Unknown;Substitute
HAMPSON;England;City 7;Unknown;Starter
FRANKLIN;England;City 7;Unknown;Substitute
LORD;England;City 7;Unknown;Starter
RUTHERS;England;City 7;Unknown;Substitute
MORT;England;City 8;Unknown;Substitute
ROWLINS;England;City 8;Unknown;Starter
FAIRHURST;England;City 8;Unknown;Starter
CARWIN;England;City 8;Unknown;Starter
TAGGART;England;City 8;Unknown;Starter
SIRRELL;England;City 8;Unknown;Starter
WAKEFORD;England;City 8;Unknown;Substitute
BURTON;England;City 8;Unknown;Substitute
HEADLEY;England;City 8;Unknown;Substitute
LOMAS;England;City 8;Unknown;Substitute
TIMMINS;England;City 8;Unknown;Starter
NOTLEY;England;City 8;Unknown;Starter
POLLACK;England;City 8;Unknown;Substitute
TREMLOW;England;City 8;Unknown;Starter
RADCLIFFE;England;City 8;Unknown;Starter
MOORE;England;City 8;Unknown;Substitute
YARWOOD;England;City 8;Unknown;Substitute
FULSHAW;England;City 8;Unknown;Starter
BRETT;England;City 8;Unknown;Substitute
CONNER;England;City 8;Unknown;Starter
TERRY;England;City 8;Unknown;Substitute
AREOLA;France;International;Keeper;Substitute
MAIGNAN;France;International;Keeper;Starter
SALIBA;France;International;Defender;Starter
PAVARD;France;International;Defender;Starter
UPAMECANO;France;International;Defender;Starter
KOUNDE;France;International;Defender;Starter
KONATE;France;International;Defender;Substitute
CLAUSS;France;International;Defender;Substitute
HERNANDEZ;France;International;Midfield;Substitute
KONATE;France;International;Midfield;Substitute
RABIOT;France;International;Midfield;Starter
TCHOUAMENI;France;International;Midfield;Starter
CAMAVINGA;France;International;Midfield;Substitute
KANTE;France;International;Midfield;Starter
GRIEZMANN;France;International;Midfield;Starter
GIROUD;France;International;Midfield;Substitute
ZAIRE-E.;France;International;Forward;Substitute
DEMBELE;France;International;Forward;Starter
KOLO MUANI;France;International;Forward;Substitute
MBAPPE;France;International;Forward;Starter
THURAM;France;International;Forward;Substitute
NONTILLET;France;City 1;Unknown;Substitute
PASCAL;France;City 1;Unknown;Starter
DUPONT;France;City 1;Unknown;Starter
PAGENOT;France;City 1;Unknown;Starter
MORILLON;France;City 1;Unknown;Starter
RIGAUD;France;City 1;Unknown;Starter
NOBRE;France;City 1;Unknown;Substitute
PAGES;France;City 1;Unknown;Substitute
LION;France;City 1;Unknown;Substitute
MISTRAL;France;City 1;Unknown;Substitute
FAGEON;France;City 1;Unknown;Starter
HAUPOIS;France;City 1;Unknown;Starter
NOREL;France;City 1;Unknown;Substitute
TALABOT;France;City 1;Unknown;Starter
LEGER;France;City 1;Unknown;Starter
RUEL;France;City 1;Unknown;Substitute
HAREL;France;City 1;Unknown;Substitute
LACOSTE;France;City 1;Unknown;Starter
MOLINIER;France;City 1;Unknown;Substitute
OUVRAY;France;City 1;Unknown;Starter
PADOUX;France;City 1;Unknown;Substitute
ROUCAS;France;City 2;Unknown;Substitute
MARTIN;France;City 2;Unknown;Starter
VULCAIN;France;City 2;Unknown;Starter
PETIT;France;City 2;Unknown;Starter
DURAND;France;City 2;Unknown;Starter
NELON;France;City 2;Unknown;Starter
SEGUIN;France;City 2;Unknown;Substitute
TERNY;France;City 2;Unknown;Substitute
DUPRIS;France;City 2;Unknown;Substitute
NEMOURS;France;City 2;Unknown;Substitute
OBERIL;France;City 2;Unknown;Starter
NADEAU;France;City 2;Unknown;Starter
LINAGE;France;City 2;Unknown;Substitute
NIEL;France;City 2;Unknown;Starter
HAUDECOEUR;France;City 2;Unknown;Starter
MORICEAU;France;City 2;Unknown;Substitute
GAUDIN;France;City 2;Unknown;Substitute
FAGART;France;City 2;Unknown;Starter
FAIVRE;France;City 2;Unknown;Substitute
NERLE;France;City 2;Unknown;Starter
GILLET;France;City 2;Unknown;Substitute
LEDOUX;France;City 3;Unknown;Substitute
NINET;France;City 3;Unknown;Starter
NIVARD;France;City 3;Unknown;Starter
OLLIER;France;City 3;Unknown;Starter
PAILLARD;France;City 3;Unknown;Starter
SOLO;France;City 3;Unknown;Starter
MERLIN;France;City 3;Unknown;Substitute
VALLE;France;City 3;Unknown;Substitute
ROBIN;France;City 3;Unknown;Substitute
NILLY;France;City 3;Unknown;Substitute
LORIQUET;France;City 3;Unknown;Starter
NIRAT;France;City 3;Unknown;Starter
FABURET;France;City 3;Unknown;Substitute
JARRET;France;City 3;Unknown;Starter
LECHEVAL;France;City 3;Unknown;Starter
NAILLET;France;City 3;Unknown;Substitute
OLIVAIN;France;City 3;Unknown;Substitute
NODIOT;France;City 3;Unknown;Starter
PAINCHAUD;France;City 3;Unknown;Substitute
TANPIGNY;France;City 3;Unknown;Starter
ROUARD;France;City 3;Unknown;Substitute
NEVEU;France;City 4;Unknown;Substitute
LIGOUT;France;City 4;Unknown;Starter
FALCOU;France;City 4;Unknown;Starter
LEBOEUF;France;City 4;Unknown;Starter
GERBET;France;City 4;Unknown;Starter
OBRIER;France;City 4;Unknown;Starter
NOIZET;France;City 4;Unknown;Substitute
PALUT;France;City 4;Unknown;Substitute
THIBAULT;France;City 4;Unknown;Substitute
NEVERT;France;City 4;Unknown;Substitute
FADEL;France;City 4;Unknown;Starter
GERARD;France;City 4;Unknown;Starter
NICOT;France;City 4;Unknown;Substitute
OURY;France;City 4;Unknown;Starter
PAPIN;France;City 4;Unknown;Starter
NEBOUT;France;City 4;Unknown;Substitute
JARDIN;France;City 4;Unknown;Substitute
FALIBOIS;France;City 4;Unknown;Starter
LECHAT;France;City 4;Unknown;Substitute
OUTIN;France;City 4;Unknown;Starter
NICOLAS;France;City 4;Unknown;Substitute
PAPELARD;France;City 5;Unknown;Substitute
SOTER;France;City 5;Unknown;Starter
VAUGUELIN;France;City 5;Unknown;Starter
FABRY;France;City 5;Unknown;Starter
JACQUOT;France;City 5;Unknown;Starter
LABORDE;France;City 5;Unknown;Starter
GENTY;France;City 5;Unknown;Substitute
NIRIOR;France;City 5;Unknown;Substitute
CAPERT;France;City 5;Unknown;Substitute
TOUAIN;France;City 5;Unknown;Substitute
PAPON;France;City 5;Unknown;Starter
SARRAZIN;France;City 5;Unknown;Starter
FADEUIL;France;City 5;Unknown;Substitute
LEBAUNE;France;City 5;Unknown;Starter
MACON;France;City 5;Unknown;Starter
OGET;France;City 5;Unknown;Substitute
PAINOT;France;City 5;Unknown;Substitute
NOLLE;France;City 5;Unknown;Starter
FLEURY;France;City 5;Unknown;Substitute
GERFAUD;France;City 5;Unknown;Starter
OLIVIER;France;City 5;Unknown;Substitute
PALOUTIER;France;City 6;Unknown;Substitute
GAUDART;France;City 6;Unknown;Starter
FABERT;France;City 6;Unknown;Starter
NICHEL;France;City 6;Unknown;Starter
OBIN;France;City 6;Unknown;Starter
THOMAS;France;City 6;Unknown;Starter
PAPET;France;City 6;Unknown;Substitute
GERALD;France;City 6;Unknown;Substitute
FAUROUX;France;City 6;Unknown;Substitute
FINOT;France;City 6;Unknown;Substitute
LECLERC;France;City 6;Unknown;Starter
NONDIERS;France;City 6;Unknown;Starter
PAJARES;France;City 6;Unknown;Substitute
LEBRUN;France;City 6;Unknown;Starter
NILLET;France;City 6;Unknown;Starter
NAINOT;France;City 6;Unknown;Substitute
ORAGE;France;City 6;Unknown;Substitute
PAISANT;France;City 6;Unknown;Starter
PALAU;France;City 6;Unknown;Substitute
FACQUET;France;City 6;Unknown;Starter
LECONTE;France;City 6;Unknown;Substitute
NEDARD;France;City 7;Unknown;Substitute
NADER;France;City 7;Unknown;Starter
BENICHE;France;City 7;Unknown;Starter
PAIN;France;City 7;Unknown;Starter
NARBAUD;France;City 7;Unknown;Starter
ORANGE;France;City 7;Unknown;Starter
OSTER;France;City 7;Unknown;Substitute
PAJOT;France;City 7;Unknown;Substitute
NEGER;France;City 7;Unknown;Substitute
OURS;France;City 7;Unknown;Substitute
PALACE;France;City 7;Unknown;Starter
THERIEN;France;City 7;Unknown;Starter
NICOLLET;France;City 7;Unknown;Substitute
ONDET;France;City 7;Unknown;Starter
PASCAL;France;City 7;Unknown;Starter
LEVEURF;France;City 7;Unknown;Substitute
MORIN;France;City 7;Unknown;Substitute
NOBLET;France;City 7;Unknown;Starter
PAGEAULT;France;City 7;Unknown;Substitute
MONTIER;France;City 7;Unknown;Starter
DUMONT;France;City 7;Unknown;Substitute
MEILLEUR;France;City 8;Unknown;Substitute
NINGOT;France;City 8;Unknown;Starter
ODIN;France;City 8;Unknown;Starter
NOIRET;France;City 8;Unknown;Starter
MARTINEZ;France;City 8;Unknown;Starter
RAYMOND;France;City 8;Unknown;Starter
BERNARDIN;France;City 8;Unknown;Substitute
PAILLE;France;City 8;Unknown;Substitute
ROBLETTE;France;City 8;Unknown;Substitute
NAILLAT;France;City 8;Unknown;Substitute
VALLAT;France;City 8;Unknown;Starter
GEORGEON;France;City 8;Unknown;Starter
PAIX;France;City 8;Unknown;Substitute
NOGARET;France;City 8;Unknown;Starter
LABARRE;France;City 8;Unknown;Starter
JOSSET;France;City 8;Unknown;Substitute
LABBE;France;City 8;Unknown;Substitute
LECOEUR;France;City 8;Unknown;Starter
NALY;France;City 8;Unknown;Substitute
TANALET;France;City 8;Unknown;Starter
HENIN;France;City 8;Unknown;Substitute
LIANCE;France;City 9;Unknown;Substitute
BARTHELET;France;City 9;Unknown;Starter
BONET;France;City 9;Unknown;Starter
ALFRED;Sweden;International;Keeper;Substitute
HENRIK;Sweden;International;Keeper;Starter
FREDRIK;Sweden;International;Defender;Starter
ROINE;Sweden;International;Defender;Starter
ALF;Sweden;International;Defender;Starter
ROGER;Sweden;International;Defender;Starter
GUNNAR;Sweden;International;Defender;Substitute
KENT;Sweden;International;Defender;Substitute
ROBIN;Sweden;International;Midfield;Substitute
JULIAS;Sweden;International;Midfield;Substitute
PERCY;Sweden;International;Midfield;Starter
FILIP;Sweden;International;Midfield;Starter
JOHNNY;Sweden;International;Midfield;Substitute
ERIK;Sweden;International;Midfield;Starter
DICK;Sweden;International;Midfield;Starter
RIKARD;Sweden;International;Midfield;Substitute
MATTIAS;Sweden;International;Forward;Substitute
RALF;Sweden;International;Forward;Starter
HUGO;Sweden;International;Forward;Substitute
FABIAN;Sweden;International;Forward;Starter
LINUS;Sweden;International;Forward;Substitute
OWIE;Sweden;City 1;Unknown;Substitute
JIM;Sweden;City 1;Unknown;Starter
IVAN;Sweden;City 1;Unknown;Starter
KARL;Sweden;City 1;Unknown;Starter
FELIX;Sweden;City 1;Unknown;Starter
ANTON;Sweden;City 1;Unknown;Starter
MAX;Sweden;City 1;Unknown;Substitute
TORGNY;Sweden;City 1;Unknown;Substitute
CHRISTER;Sweden;City 1;Unknown;Substitute
BERTIL;Sweden;City 1;Unknown;Substitute
OTTO;Sweden;City 1;Unknown;Starter
JONAS;Sweden;City 1;Unknown;Starter
JOSEF;Sweden;City 1;Unknown;Substitute
OLA;Sweden;City 1;Unknown;Starter
PATRIK;Sweden;City 1;Unknown;Starter
MATS;Sweden;City 1;Unknown;Substitute
PETTER;Sweden;City 1;Unknown;Substitute
CLAES;Sweden;City 1;Unknown;Starter
HARRY;Sweden;City 1;Unknown;Substitute
JERKER;Sweden;City 1;Unknown;Starter
ALBIN;Sweden;City 1;Unknown;Substitute
ULF;Sweden;City 2;Unknown;Substitute
INGVAR;Sweden;City 2;Unknown;Starter
ORVAR;Sweden;City 2;Unknown;Starter
KIM;Sweden;City 2;Unknown;Starter
JOAKIM;Sweden;City 2;Unknown;Starter
TURE;Sweden;City 2;Unknown;Starter
DAVID;Sweden;City 2;Unknown;Substitute
TORE;Sweden;City 2;Unknown;Substitute
HAMPUS;Sweden;City 2;Unknown;Substitute
SAM;Sweden;City 2;Unknown;Substitute
VILLE;Sweden;City 2;Unknown;Starter
ADAM;Sweden;City 2;Unknown;Starter
STEFAN;Sweden;City 2;Unknown;Substitute
JOHANNES;Sweden;City 2;Unknown;Starter
KENNETH;Sweden;City 2;Unknown;Starter
TRYGGUE;Sweden;City 2;Unknown;Substitute
GLENN;Sweden;City 2;Unknown;Substitute
LENNART;Sweden;City 2;Unknown;Starter
HELGE;Sweden;City 2;Unknown;Substitute
LUDVIG;Sweden;City 2;Unknown;Starter
FRANS;Sweden;City 2;Unknown;Substitute
GERT;Sweden;City 3;Unknown;Substitute
BRUNO;Sweden;City 3;Unknown;Starter
RUNE;Sweden;City 3;Unknown;Starter
MARTIN;Sweden;City 3;Unknown;Starter
TOMAS;Sweden;City 3;Unknown;Starter
INGE;Sweden;City 3;Unknown;Starter
ASSAR;Sweden;City 3;Unknown;Substitute
KAO;Sweden;City 3;Unknown;Substitute
STIG;Sweden;City 3;Unknown;Substitute
JENS;Sweden;City 3;Unknown;Substitute
HELMER;Sweden;City 3;Unknown;Starter
FLEMMING;Sweden;City 3;Unknown;Starter
LUKAS;Sweden;City 3;Unknown;Substitute
TORSTEN;Sweden;City 3;Unknown;Starter
GUSTAV;Sweden;City 3;Unknown;Starter
JAN;Sweden;City 3;Unknown;Substitute
ARVID;Sweden;City 3;Unknown;Substitute
NIKLAS;Sweden;City 3;Unknown;Starter
MARCUS;Sweden;City 3;Unknown;Substitute
EMIL;Sweden;City 3;Unknown;Starter
LEIF;Sweden;City 3;Unknown;Substitute
MALTE;Sweden;City 4;Unknown;Substitute
ANDERS;Sweden;City 4;Unknown;Starter
NILS;Sweden;City 4;Unknown;Starter
ANDREAS;Sweden;City 4;Unknown;Starter
OSKAR;Sweden;City 4;Unknown;Starter
BORIS;Sweden;City 4;Unknown;Starter
SVEN;Sweden;City 4;Unknown;Substitute
KURT;Sweden;City 4;Unknown;Substitute
KONRAD;Sweden;City 4;Unknown;Substitute
HANS;Sweden;City 4;Unknown;Substitute
ROLF;Sweden;City 4;Unknown;Starter
RASMUS;Sweden;City 4;Unknown;Starter
INGEMAR;Sweden;City 4;Unknown;Substitute
OLIVER;Sweden;City 4;Unknown;Starter
JOHN;Sweden;City 4;Unknown;Starter
VINCENT;Sweden;City 4;Unknown;Substitute
HENRY;Sweden;City 4;Unknown;Substitute
PAUL;Sweden;City 4;Unknown;Starter
AXEL;Sweden;City 4;Unknown;Substitute
OWE;Sweden;City 4;Unknown;Starter
CONNY;Sweden;City 4;Unknown;Substitute
STELLAN;Sweden;City 5;Unknown;Substitute
JAKOB;Sweden;City 5;Unknown;Starter
JOEL;Sweden;City 5;Unknown;Starter
BO;Sweden;City 5;Unknown;Starter
BILLY;Sweden;City 5;Unknown;Starter
SVANTE;Sweden;City 5;Unknown;Starter
BJARNE;Sweden;City 5;Unknown;Substitute
MAGNUS;Sweden;City 5;Unknown;Substitute
BERNT;Sweden;City 5;Unknown;Substitute
REINE;Sweden;City 5;Unknown;Substitute
JESPER;Sweden;City 5;Unknown;Starter
JACK;Sweden;City 5;Unknown;Starter
KJELL;Sweden;City 5;Unknown;Substitute
OLDF;Sweden;City 5;Unknown;Starter
LARS;Sweden;City 5;Unknown;Starter
BENNY;Sweden;City 5;Unknown;Substitute
MANS;Sweden;City 5;Unknown;Substitute
ARON;Sweden;City 5;Unknown;Starter
KLAUS;Sweden;City 5;Unknown;Substitute
DENNIS;Sweden;City 5;Unknown;Starter
URBAN;Sweden;City 5;Unknown;Substitute
JORGEN;Sweden;City 6;Unknown;Substitute
VIKTOR;Sweden;City 6;Unknown;Starter
BENGI;Sweden;City 6;Unknown;Starter
ROBERT;Sweden;City 6;Unknown;Starter
AKE;Sweden;City 6;Unknown;Starter
BJORN;Sweden;City 6;Unknown;Starter
GOSTA;Sweden;City 6;Unknown;Substitute
GUSTAV;Sweden;City 6;Unknown;Substitute
ARNE;Sweden;City 6;Unknown;Substitute
OLLE;Sweden;City 6;Unknown;Substitute
PER;Sweden;City 6;Unknown;Starter
ROLAND;Sweden;City 6;Unknown;Starter
TAGE;Sweden;City 6;Unknown;Substitute
TOBIAS;Sweden;City 6;Unknown;Starter
JOHAN;Sweden;City 6;Unknown;Starter
OSTEN;Sweden;City 6;Unknown;Substitute
STURE;Sweden;City 6;Unknown;Substitute
STEN;Sweden;City 6;Unknown;Starter
DAN;Sweden;City 6;Unknown;Substitute
MARTEN;Sweden;City 6;Unknown;Starter
SUNE;Sweden;City 6;Unknown;Substitute
ORJAN;Sweden;City 7;Unknown;Substitute
SVERVER;Sweden;City 7;Unknown;Starter
EVERT;Sweden;City 7;Unknown;Starter
SOREN;Sweden;City 7;Unknown;Starter
KASPER;Sweden;City 7;Unknown;Starter
TORD;Sweden;City 7;Unknown;Starter
RAYMOND;Sweden;City 7;Unknown;Substitute
TED;Sweden;City 7;Unknown;Substitute
PONTUS;Sweden;City 7;Unknown;Substitute
ALEXANDER;Sweden;City 7;Unknown;Substitute
DIERRE;Sweden;City 7;Unknown;Starter
ROY;Sweden;City 7;Unknown;Starter
DOUGLAS;Sweden;City 7;Unknown;Substitute
MORGAN;Sweden;City 7;Unknown;Starter
TOM;Sweden;City 7;Unknown;Starter
JIMMY;Sweden;City 7;Unknown;Substitute
RONNY;Sweden;City 7;Unknown;Substitute
HERMAN;Sweden;City 7;Unknown;Starter
GORAN;Sweden;City 7;Unknown;Substitute
WILLIAM;Sweden;City 7;Unknown;Starter
BERT;Sweden;City 7;Unknown;Substitute
SONNY;Sweden;City 8;Unknown;Substitute
TORBJORN;Sweden;City 8;Unknown;Starter
KRISTOFFER;Sweden;City 8;Unknown;Starter
HAKAN;Sweden;City 8;Unknown;Starter
SJUNNE;Sweden;City 8;Unknown;Starter
BORJE;Sweden;City 8;Unknown;Starter
ESKIL;Sweden;City 8;Unknown;Substitute
JERRY;Sweden;City 8;Unknown;Substitute
PETER;Sweden;City 8;Unknown;Substitute
FOLKE;Sweden;City 8;Unknown;Substitute
CHARLES;Sweden;City 8;Unknown;Starter
FREDDY;Sweden;City 8;Unknown;Starter
TIM;Sweden;City 8;Unknown;Substitute
DANIEL;Sweden;City 8;Unknown;Starter
TOMMY;Sweden;City 8;Unknown;Starter
STAFFAN;Sweden;City 8;Unknown;Substitute
SIMON;Sweden;City 8;Unknown;Substitute
GERHARD;Sweden;City 8;Unknown;Starter
ALBERT;Sweden;City 8;Unknown;Substitute
DONALD;Sweden;City 8;Unknown;Starter
MIKAEL;Sweden;City 8;Unknown;Substitute
TONY;Sweden;City 9;Unknown;Substitute
KRISTIAN;Sweden;City 9;Unknown;Starter
FRED;Sweden;City 9;Unknown;Starter
ARTUR;Sweden;City 9;Unknown;Starter
RAYA;Spain;International;Keeper;Substitute
SIMON;Spain;International;Keeper;Starter
NAVAS;Spain;International;Defender;Starter
NACHO;Spain;International;Defender;Starter
LAPORTE;Spain;International;Defender;Starter
CUCURELL.;Spain;International;Defender;Starter
CARVAJAL;Spain;International;Defender;Substitute
LE NORMAND;Spain;International;Defender;Substitute
MERINO;Spain;International;Midfield;Substitute
PEDRI;Spain;International;Midfield;Substitute
OLMO;Spain;International;Midfield;Starter
YAMAL;Spain;International;Midfield;Starter
ZUBIMENDI;Spain;International;Midfield;Substitute
RODRI;Spain;International;Midfield;Starter
RUIZ;Spain;International;Midfield;Starter
OYARZABAL;Spain;International;Midfield;Substitute
JOSELU;Spain;International;Forward;Substitute
MORATA;Spain;International;Forward;Starter
TORRES;Spain;International;Forward;Substitute
WILLIAMS;Spain;International;Forward;Starter
RODRI;Spain;International;Forward;Substitute
GRANDE;Spain;City 1;Unknown;Substitute
HERNADEZ;Spain;City 1;Unknown;Starter
CERVIGON;Spain;City 1;Unknown;Starter
LLOBREGAT;Spain;City 1;Unknown;Starter
NAVARRO;Spain;City 1;Unknown;Starter
CARRERA;Spain;City 1;Unknown;Starter
PARDO;Spain;City 1;Unknown;Substitute
MONZON;Spain;City 1;Unknown;Substitute
SANCHEZ;Spain;City 1;Unknown;Substitute
HUERTA;Spain;City 1;Unknown;Substitute
RINCON;Spain;City 1;Unknown;Starter
MENDEZ;Spain;City 1;Unknown;Starter
BELTRAN;Spain;City 1;Unknown;Substitute
CASAS;Spain;City 1;Unknown;Starter
LOPEZ;Spain;City 1;Unknown;Starter
VAZQUEZ;Spain;City 1;Unknown;Substitute
ESTEBAN;Spain;City 1;Unknown;Substitute
MENENDEZ;Spain;City 1;Unknown;Starter
FLORES;Spain;City 1;Unknown;Substitute
CRESPO;Spain;City 1;Unknown;Starter
ALVARADO;Spain;City 1;Unknown;Substitute
CAMINO;Spain;City 2;Unknown;Substitute
PELAEZ;Spain;City 2;Unknown;Starter
CALPE;Spain;City 2;Unknown;Starter
RETAMA;Spain;City 2;Unknown;Starter
ZANCADA;Spain;City 2;Unknown;Starter
OLVIDO;Spain;City 2;Unknown;Starter
FUENTES;Spain;City 2;Unknown;Substitute
GONZALEZ;Spain;City 2;Unknown;Substitute
MONTES;Spain;City 2;Unknown;Substitute
ALCOCER;Spain;City 2;Unknown;Substitute
NARVAEZ;Spain;City 2;Unknown;Starter
COELLO;Spain;City 2;Unknown;Starter
RUIZ;Spain;City 2;Unknown;Substitute
BLANCO;Spain;City 2;Unknown;Starter
PULIDO;Spain;City 2;Unknown;Starter
BLASCO;Spain;City 2;Unknown;Substitute
GARAY;Spain;City 2;Unknown;Substitute
OCHOA;Spain;City 2;Unknown;Starter
PUEYO;Spain;City 2;Unknown;Substitute
GIRALDEZ;Spain;City 2;Unknown;Starter
FONSECA;Spain;City 2;Unknown;Substitute
CONDE;Spain;City 3;Unknown;Substitute
BENEGAS;Spain;City 3;Unknown;Starter
AZNAR;Spain;City 3;Unknown;Starter
PINAR;Spain;City 3;Unknown;Starter
CUESTA;Spain;City 3;Unknown;Starter
MAYOR;Spain;City 3;Unknown;Starter
PALOMINO;Spain;City 3;Unknown;Substitute
DIEGUEZ;Spain;City 3;Unknown;Substitute
MINGUEZ;Spain;City 3;Unknown;Substitute
SERRANO;Spain;City 3;Unknown;Substitute
SUNER;Spain;City 3;Unknown;Starter
BRAVO;Spain;City 3;Unknown;Starter
ALONSO;Spain;City 3;Unknown;Substitute
ONESIMO;Spain;City 3;Unknown;Starter
PASCUAL;Spain;City 3;Unknown;Starter
ARCE;Spain;City 3;Unknown;Substitute
SOLIS;Spain;City 3;Unknown;Substitute
IBARRA;Spain;City 3;Unknown;Starter
CLAVIJO;Spain;City 3;Unknown;Substitute
CID;Spain;City 3;Unknown;Starter
GUZMAN;Spain;City 3;Unknown;Substitute
ARENAL;Spain;City 4;Unknown;Substitute
MAYOR;Spain;City 4;Unknown;Starter
ALCANTARA;Spain;City 4;Unknown;Starter
ALBERTI;Spain;City 4;Unknown;Starter
RODERO;Spain;City 4;Unknown;Starter
GALIANA;Spain;City 4;Unknown;Starter
CARRASCO;Spain;City 4;Unknown;Substitute
DURAN;Spain;City 4;Unknown;Substitute
GARRIGUES;Spain;City 4;Unknown;Substitute
TENA;Spain;City 4;Unknown;Substitute
CAMPOS;Spain;City 4;Unknown;Starter
VEGA;Spain;City 4;Unknown;Starter
MONLEON;Spain;City 4;Unknown;Substitute
ALMODOVAR;Spain;City 4;Unknown;Starter
SAURA;Spain;City 4;Unknown;Starter
HEREDIA;Spain;City 4;Unknown;Substitute
AMAYA;Spain;City 4;Unknown;Substitute
RIOSECO;Spain;City 4;Unknown;Starter
REDONDO;Spain;City 4;Unknown;Substitute
ESTAMPA;Spain;City 4;Unknown;Starter
MONTIJO;Spain;City 4;Unknown;Substitute
ALBA;Spain;City 5;Unknown;Substitute
COLLADO;Spain;City 5;Unknown;Starter
VILLALBA;Spain;City 5;Unknown;Starter
ARAGONES;Spain;City 5;Unknown;Starter
GIL;Spain;City 5;Unknown;Starter
PENARROYA;Spain;City 5;Unknown;Starter
AMANIEL;Spain;City 5;Unknown;Substitute
AYALA;Spain;City 5;Unknown;Substitute
BARBA;Spain;City 5;Unknown;Substitute
PADILLA;Spain;City 5;Unknown;Substitute
MALDONADO;Spain;City 5;Unknown;Starter
MOLA;Spain;City 5;Unknown;Starter
MOLINERO;Spain;City 5;Unknown;Substitute
MONTERO;Spain;City 5;Unknown;Starter
PONTEJO;Spain;City 5;Unknown;Starter
PELAEZ;Spain;City 5;Unknown;Substitute
DIEZ;Spain;City 5;Unknown;Substitute
PENALVER;Spain;City 5;Unknown;Starter
ESPINA;Spain;City 5;Unknown;Substitute
SUAREZ;Spain;City 5;Unknown;Starter
SAHAGUN;Spain;City 5;Unknown;Substitute
ANGUITA;Spain;City 6;Unknown;Substitute
INGLESIAS;Spain;City 6;Unknown;Starter
ROLDAN;Spain;City 6;Unknown;Starter
GUTIERREZ;Spain;City 6;Unknown;Starter
MELLADO;Spain;City 6;Unknown;Starter
ARRIBA;Spain;City 6;Unknown;Starter
PONZANO;Spain;City 6;Unknown;Substitute
RIOS;Spain;City 6;Unknown;Substitute
ZAFRA;Spain;City 6;Unknown;Substitute
CAMPILLO;Spain;City 6;Unknown;Substitute
MAURA;Spain;City 6;Unknown;Starter
CELA;Spain;City 6;Unknown;Starter
PEREDA;Spain;City 6;Unknown;Substitute
GALDOS;Spain;City 6;Unknown;Starter
BAROJA;Spain;City 6;Unknown;Starter
MINGUEZ;Spain;City 6;Unknown;Substitute
SANTOS;Spain;City 6;Unknown;Substitute
SILVA;Spain;City 6;Unknown;Starter
SILVELA;Spain;City 6;Unknown;Substitute
ROMANONES;Spain;City 6;Unknown;Starter
OSBORNE;Spain;City 6;Unknown;Substitute
MATEOS;Spain;City 7;Unknown;Substitute
ARMADA;Spain;City 7;Unknown;Starter
PUENTE;Spain;City 7;Unknown;Starter
PECES;Spain;City 7;Unknown;Starter
GODOR;Spain;City 7;Unknown;Starter
HUESCAS;Spain;City 7;Unknown;Starter
URQUIJO;Spain;City 7;Unknown;Substitute
PINZON;Spain;City 7;Unknown;Substitute
ARRANDO;Spain;City 7;Unknown;Substitute
BATISTA;Spain;City 7;Unknown;Substitute
ALLENDE;Spain;City 7;Unknown;Starter
SALAZAR;Spain;City 7;Unknown;Starter
MONTORO;Spain;City 7;Unknown;Substitute
GALLEGO;Spain;City 7;Unknown;Starter
DELGADO;Spain;City 7;Unknown;Starter
PASCUAL;Spain;City 7;Unknown;Substitute
CRESPO;Spain;City 7;Unknown;Substitute
SOLER;Spain;City 7;Unknown;Starter
SANTAMARIA;Spain;City 7;Unknown;Substitute
MARIN;Spain;City 7;Unknown;Starter
PELAYO;Spain;City 7;Unknown;Substitute
ALARCON;Spain;City 8;Unknown;Substitute
MONTOYA;Spain;City 8;Unknown;Starter
RUIPEREZ;Spain;City 8;Unknown;Starter
GALLARDON;Spain;City 8;Unknown;Starter
GALINDEZ;Spain;City 8;Unknown;Starter
YANEZ;Spain;City 8;Unknown;Starter
ASCARIO;Spain;City 8;Unknown;Substitute
RECUERO;Spain;City 8;Unknown;Substitute
TASCON;Spain;City 8;Unknown;Substitute
BENAVIDES;Spain;City 8;Unknown;Substitute
CEBALLOS;Spain;City 8;Unknown;Starter
FERRER;Spain;City 8;Unknown;Starter
FERREIRA;Spain;City 8;Unknown;Substitute
FRESNEDA;Spain;City 8;Unknown;Starter
REY;Spain;City 8;Unknown;Starter
RAMALLO;Spain;City 8;Unknown;Substitute
BENITEZ;Spain;City 8;Unknown;Substitute
NAVARRO;Spain;City 8;Unknown;Starter
NAVASCUES;Spain;City 8;Unknown;Substitute
NAVALON;Spain;City 8;Unknown;Starter
AMILIBIA;Spain;City 8;Unknown;Substitute
ANSON;Spain;City 9;Unknown;Substitute
QUINTANA;Spain;City 9;Unknown;Starter
VENTURA;Spain;City 9;Unknown;Starter
PEREZ;Spain;City 9;Unknown;Starter
BISSCHOP;Holland;International;Keeper;Substitute
BAAS;Holland;International;Keeper;Starter
BAKKER;Holland;International;Defender;Starter
WIERSMA;Holland;International;Defender;Starter
VAN HOREN;Holland;International;Defender;Starter
BARTELS;Holland;International;Defender;Starter
BLOK;Holland;International;Defender;Substitute
BLOM;Holland;International;Defender;Substitute
BOER;Holland;International;Midfield;Substitute
DE BOK;Holland;International;Midfield;Substitute
BOSMAN;Holland;International;Midfield;Starter
DEKKER;Holland;International;Midfield;Starter
VAN DUK;Holland;International;Midfield;Substitute
HEUVEL;Holland;International;Midfield;Starter
HIEMSTRA;Holland;International;Midfield;Starter
BOS;Holland;International;Midfield;Substitute
HILLEBRAND;Holland;International;Forward;Substitute
HOFMAN;Holland;International;Forward;Starter
HOGEVEEN;Holland;International;Forward;Substitute
JANSSENS;Holland;International;Forward;Starter
JOORE;Holland;International;Forward;Substitute
JOUSTRA;Holland;City 1;Unknown;Substitute
BOUWMAN;Holland;City 1;Unknown;Starter
KLASSEN;Holland;City 1;Unknown;Starter
KNAAP;Holland;City 1;Unknown;Starter
DE KONING;Holland;City 1;Unknown;Starter
V. LEEUWEN;Holland;City 1;Unknown;Starter
VAN LIER;Holland;City 1;Unknown;Substitute
BRAKKE;Holland;City 1;Unknown;Substitute
VD LINDEN;Holland;City 1;Unknown;Substitute
V. D. MEER;Holland;City 1;Unknown;Substitute
MILLENAAR;Holland;City 1;Unknown;Starter
ADAMS;Holland;City 1;Unknown;Starter
ADRIAANS;Holland;City 1;Unknown;Substitute
BRINKMAN;Holland;City 1;Unknown;Starter
AKKERMAN;Holland;City 1;Unknown;Starter
ALBERTS;Holland;City 1;Unknown;Substitute
ANDRIESE;Holland;City 1;Unknown;Substitute
V.D. ANKER;Holland;City 1;Unknown;Starter
BAL;Holland;City 1;Unknown;Substitute
BUITENHAUS;Holland;City 1;Unknown;Starter
BARIS;Holland;City 1;Unknown;Substitute
BARVOETS;Holland;City 2;Unknown;Substitute
BATENBURG;Holland;City 2;Unknown;Starter
VAN BEEK;Holland;City 2;Unknown;Starter
BEEKMAN;Holland;City 2;Unknown;Starter
DUNNINK;Holland;City 2;Unknown;Starter
BEEN;Holland;City 2;Unknown;Starter
BEERMAN;Holland;City 2;Unknown;Substitute
VAN BEERS;Holland;City 2;Unknown;Substitute
BEKKER;Holland;City 2;Unknown;Substitute
BENNINK;Holland;City 2;Unknown;Substitute
V.D. BERG;Holland;City 2;Unknown;Starter
DUK;Holland;City 2;Unknown;Starter
V.D. BERGH;Holland;City 2;Unknown;Substitute
BERGMAN;Holland;City 2;Unknown;Starter
BERKEL;Holland;City 2;Unknown;Starter
BLOKLAND;Holland;City 2;Unknown;Substitute
BOCHOVE;Holland;City 2;Unknown;Substitute
DEN BOER;Holland;City 2;Unknown;Starter
FREISEN;Holland;City 2;Unknown;Substitute
VAN BOMMEL;Holland;City 2;Unknown;Starter
V.D. BOSCH;Holland;City 2;Unknown;Substitute
BOSMA;Holland;City 3;Unknown;Substitute
BROERSMA;Holland;City 3;Unknown;Starter
BROUWER;Holland;City 3;Unknown;Starter
DE GRAAF;Holland;City 3;Unknown;Starter
BRUGMANS;Holland;City 3;Unknown;Starter
DE BRUIN;Holland;City 3;Unknown;Starter
DE BRUYNE;Holland;City 3;Unknown;Substitute
V.D. BURG;Holland;City 3;Unknown;Substitute
GROEN;Holland;City 3;Unknown;Substitute
DICKS;Holland;City 3;Unknown;Substitute
CLARUS;Holland;City 3;Unknown;Starter
COENEN;Holland;City 3;Unknown;Starter
COLLENBURG;Holland;City 3;Unknown;Substitute
CREEMERS;Holland;City 3;Unknown;Starter
VAN DALEN;Holland;City 3;Unknown;Starter
DE GROOT;Holland;City 3;Unknown;Substitute
VAN DAM;Holland;City 3;Unknown;Substitute
DEKKERS;Holland;City 3;Unknown;Starter
V. DEURZEN;Holland;City 3;Unknown;Substitute
DIKSTRA;Holland;City 3;Unknown;Starter
DIRKS;Holland;City 3;Unknown;Substitute
VAN DONGEN;Holland;City 4;Unknown;Substitute
DE HAAN;Holland;City 4;Unknown;Starter
DONKERS;Holland;City 4;Unknown;Starter
VAN DOOREN;Holland;City 4;Unknown;Starter
VAN DOORN;Holland;City 4;Unknown;Starter
DORSMAN;Holland;City 4;Unknown;Starter
DUIKEREN;Holland;City 4;Unknown;Substitute
VELLEMA;Holland;City 4;Unknown;Substitute
VAN DUYN;Holland;City 4;Unknown;Substitute
DIJKMAN;Holland;City 4;Unknown;Substitute
DIJKHOORN;Holland;City 4;Unknown;Starter
VAN ECK;Holland;City 4;Unknown;Starter
VAN EDEN;Holland;City 4;Unknown;Substitute
KNOLL;Holland;City 4;Unknown;Starter
EGBERTS;Holland;City 4;Unknown;Starter
ELSWILJK;Holland;City 4;Unknown;Substitute
ENGERING;Holland;City 4;Unknown;Substitute
VAN ES;Holland;City 4;Unknown;Starter
EIJK;Holland;City 4;Unknown;Substitute
EIJSBERG;Holland;City 4;Unknown;Starter
KUIPER;Holland;City 4;Unknown;Substitute
FONTIJN;Holland;City 5;Unknown;Substitute
V.D. GAAG;Holland;City 5;Unknown;Starter
V.D. GEER;Holland;City 5;Unknown;Starter
GERRETS;Holland;City 5;Unknown;Starter
DE GEUS;Holland;City 5;Unknown;Starter
DE GIDS;Holland;City 5;Unknown;Starter
PRINS;Holland;City 5;Unknown;Substitute
GORISSEN;Holland;City 5;Unknown;Substitute
GOSENS;Holland;City 5;Unknown;Substitute
GOVAERT;Holland;City 5;Unknown;Substitute
DE GROOT;Holland;City 5;Unknown;Starter
VAN GULIK;Holland;City 5;Unknown;Starter
DE HAAN;Holland;City 5;Unknown;Substitute
SLUIS;Holland;City 5;Unknown;Starter
DE HAARD;Holland;City 5;Unknown;Starter
DE HAAS;Holland;City 5;Unknown;Substitute
VAN HAGEN;Holland;City 5;Unknown;Substitute
HARTEVELT;Holland;City 5;Unknown;Starter
HARTMAN;Holland;City 5;Unknown;Substitute
HARTOG;Holland;City 5;Unknown;Starter
STEGEMAN;Holland;City 5;Unknown;Substitute
HEIDEN;Holland;City 6;Unknown;Substitute
HEINSBROEK;Holland;City 6;Unknown;Starter
HENDRIKS;Holland;City 6;Unknown;Starter
DE HEY;Holland;City 6;Unknown;Starter
HEYDRA;Holland;City 6;Unknown;Starter
V.D. HOEK;Holland;City 6;Unknown;Starter
TIMMERMAN;Holland;City 6;Unknown;Substitute
DE HOOGE;Holland;City 6;Unknown;Substitute
HOUTMAN;Holland;City 6;Unknown;Substitute
HUIGEN;Holland;City 6;Unknown;Substitute
DE JAGER;Holland;City 6;Unknown;Starter
JANSEN;Holland;City 6;Unknown;Starter
DE JONG;Holland;City 6;Unknown;Substitute
TROOST;Holland;City 6;Unknown;Starter
DE JONGE;Holland;City 6;Unknown;Starter
JONKMAN;Holland;City 6;Unknown;Substitute
KAMP;Holland;City 6;Unknown;Substitute
V. KATWIJK;Holland;City 6;Unknown;Starter
KERKLAAN;Holland;City 6;Unknown;Substitute
VAN KERSEN;Holland;City 6;Unknown;Starter
VEERMAN;Holland;City 6;Unknown;Substitute
KLAASSEN;Holland;City 7;Unknown;Substitute
DE KLERK;Holland;City 7;Unknown;Starter
KNOOPS;Holland;City 7;Unknown;Starter
KOENS;Holland;City 7;Unknown;Starter
KOK;Holland;City 7;Unknown;Starter
KOOPMAN;Holland;City 7;Unknown;Starter
KOOJI;Holland;City 7;Unknown;Substitute
VISSCHER;Holland;City 7;Unknown;Substitute
KORPEL;Holland;City 7;Unknown;Substitute
KUITERS;Holland;City 7;Unknown;Substitute
V. LEEUWEN;Holland;City 7;Unknown;Starter
LEMMEN;Holland;City 7;Unknown;Starter
MARTENS;Holland;City 7;Unknown;Substitute
DE VRIES;Holland;City 7;Unknown;Starter
MULDER;Holland;City 7;Unknown;Starter
V.D. MEER;Holland;City 7;Unknown;Substitute
DE NIJS;Holland;City 7;Unknown;Substitute
NOORDIJK;Holland;City 7;Unknown;Starter
PAPPERS;Holland;City 7;Unknown;Substitute
PEETERS;Holland;City 7;Unknown;Starter
WITTE;Holland;City 7;Unknown;Substitute
POOT;Holland;City 8;Unknown;Substitute
REBERS;Holland;City 8;Unknown;Starter
ROMIJN;Holland;City 8;Unknown;Starter
DE RUITER;Holland;City 8;Unknown;Starter
SCHAAP;Holland;City 8;Unknown;Starter
SCHIPPERS;Holland;City 8;Unknown;Starter
STEENBERG;Holland;City 8;Unknown;Substitute
V.D. BURGH;Holland;City 8;Unknown;Substitute
DIJKMANS;Holland;City 8;Unknown;Substitute
KUIJPERS;Holland;City 8;Unknown;Substitute
DE KOSTNER;Holland;City 8;Unknown;Starter
V. SMIRREN;Holland;City 8;Unknown;Starter
VAN PEET;Holland;City 8;Unknown;Substitute
KEYSER;Holland;City 8;Unknown;Starter
HELDEN;Holland;City 8;Unknown;Starter
LEEUWEN;Holland;City 8;Unknown;Substitute
DE CLERK;Holland;City 8;Unknown;Substitute
V.D. VALK;Holland;City 8;Unknown;Starter
SAHLIN;Holland;City 8;Unknown;Substitute
BOTHA;Holland;City 8;Unknown;Starter
VAN HERRAN;Holland;City 8;Unknown;Substitute
SCHOENBERG;Holland;City 9;Unknown;Substitute
ALBRECHT;Germany;International;Keeper;Substitute
GROSMANN;Germany;International;Keeper;Starter
JOHANNSEN;Germany;International;Defender;Starter
FEHRMANN;Germany;International;Defender;Starter
BOCKMANN;Germany;International;Defender;Starter
GLISSMANN;Germany;International;Defender;Starter
DANIELSEN;Germany;International;Defender;Substitute
LAMBRECHT;Germany;International;Defender;Substitute
CORNELSEN;Germany;International;Midfield;Substitute
LORENZEN;Germany;International;Midfield;Substitute
ZITZEWITZ;Germany;International;Midfield;Starter
SCHULTZE;Germany;International;Midfield;Starter
ORTHMANN;Germany;International;Midfield;Substitute
PASTERNAK;Germany;International;Midfield;Starter
THIEMANN;Germany;International;Midfield;Starter
ZIMMERER;Germany;International;Midfield;Substitute
SCHRADER;Germany;International;Forward;Substitute
MISFELDT;Germany;International;Forward;Starter
OBERLANDER;Germany;International;Forward;Substitute
NITZCHE;Germany;International;Forward;Starter
BARANOWSKI;Germany;International;Forward;Substitute
FINCKEN;Germany;City 1;Unknown;Substitute
JACOBSEN;Germany;City 1;Unknown;Starter
GRAVEN;Germany;City 1;Unknown;Starter
KOWALSKI;Germany;City 1;Unknown;Starter
GASSMANN;Germany;City 1;Unknown;Starter
SATTEL;Germany;City 1;Unknown;Starter
WUNDERLICH;Germany;City 1;Unknown;Substitute
OHLMEIER;Germany;City 1;Unknown;Substitute
PHILIPPSEN;Germany;City 1;Unknown;Substitute
RITTMULLER;Germany;City 1;Unknown;Substitute
BROCKMANN;Germany;City 1;Unknown;Starter
FAHRENKRUG;Germany;City 1;Unknown;Starter
CARSTENS;Germany;City 1;Unknown;Substitute
KANNENBURG;Germany;City 1;Unknown;Starter
LINDEMANN;Germany;City 1;Unknown;Starter
VILLINGER;Germany;City 1;Unknown;Substitute
ZEIGELER;Germany;City 1;Unknown;Substitute
SCHILLING;Germany;City 1;Unknown;Starter
MUNCHMEYER;Germany;City 1;Unknown;Substitute
LUDEMANN;Germany;City 1;Unknown;Starter
SCHACHNER;Germany;City 1;Unknown;Substitute
ZEISING;Germany;City 2;Unknown;Substitute
PETERSEN;Germany;City 2;Unknown;Starter
OLDENDORF;Germany;City 2;Unknown;Starter
HIRSCH;Germany;City 2;Unknown;Starter
GATTERMANN;Germany;City 2;Unknown;Starter
CHRISTEN;Germany;City 2;Unknown;Starter
VIELHABEN;Germany;City 2;Unknown;Substitute
TECHENTIN;Germany;City 2;Unknown;Substitute
NICKELSEN;Germany;City 2;Unknown;Substitute
SCHROEDER;Germany;City 2;Unknown;Substitute
BRUGGEMANN;Germany;City 2;Unknown;Starter
EBERHARDT;Germany;City 2;Unknown;Starter
DRESSLER;Germany;City 2;Unknown;Substitute
HABERLAND;Germany;City 2;Unknown;Starter
GOTTSCHALK;Germany;City 2;Unknown;Starter
SANDMANN;Germany;City 2;Unknown;Substitute
ROSENBERG;Germany;City 2;Unknown;Substitute
PAETZOLD;Germany;City 2;Unknown;Starter
TIEDEMANN;Germany;City 2;Unknown;Substitute
PFITZNER;Germany;City 2;Unknown;Starter
WESTPHAL;Germany;City 2;Unknown;Substitute
REIBELING;Germany;City 3;Unknown;Substitute
KERSTENS;Germany;City 3;Unknown;Starter
HEBERLING;Germany;City 3;Unknown;Starter
ARMBRUSTER;Germany;City 3;Unknown;Starter
BORNEMANN;Germany;City 3;Unknown;Starter
ECKHARDT;Germany;City 3;Unknown;Starter
JUNGBLUT;Germany;City 3;Unknown;Substitute
FISCHBECK;Germany;City 3;Unknown;Substitute
TIMMERMANN;Germany;City 3;Unknown;Substitute
PEINEMANN;Germany;City 3;Unknown;Substitute
NEUBAUER;Germany;City 3;Unknown;Starter
TEGTMEIER;Germany;City 3;Unknown;Starter
VESPERMANN;Germany;City 3;Unknown;Substitute
MUTZMANN;Germany;City 3;Unknown;Starter
ACKERMANN;Germany;City 3;Unknown;Starter
FIELMANN;Germany;City 3;Unknown;Substitute
KREUTZER;Germany;City 3;Unknown;Substitute
MEINECKE;Germany;City 3;Unknown;Starter
OVERBECK;Germany;City 3;Unknown;Substitute
FRENTZEL;Germany;City 3;Unknown;Starter
ANDRESEN;Germany;City 3;Unknown;Substitute
HORSTMANN;Germany;City 4;Unknown;Substitute
MAUMANN;Germany;City 4;Unknown;Starter
TANNEBERG;Germany;City 4;Unknown;Starter
KEMPINSKI;Germany;City 4;Unknown;Starter
GNUTZMANN;Germany;City 4;Unknown;Starter
DEGENHARDT;Germany;City 4;Unknown;Starter
LEONHARDT;Germany;City 4;Unknown;Substitute
RIECHLING;Germany;City 4;Unknown;Substitute
WEIDEMANN;Germany;City 4;Unknown;Substitute
ZACHARIAS;Germany;City 4;Unknown;Substitute
SONNENBERG;Germany;City 4;Unknown;Starter
MEINHARDT;Germany;City 4;Unknown;Starter
DILLMANN;Germany;City 4;Unknown;Substitute
AMBROSIUS;Germany;City 4;Unknown;Starter
BRODERSEN;Germany;City 4;Unknown;Starter
FIERLING;Germany;City 4;Unknown;Substitute
NIEMEYER;Germany;City 4;Unknown;Substitute
JENNINGS;Germany;City 4;Unknown;Starter
HEINEMANN;Germany;City 4;Unknown;Substitute
LAFRENTZ;Germany;City 4;Unknown;Starter
OSTERWALD;Germany;City 4;Unknown;Substitute
TEICHMANN;Germany;City 5;Unknown;Substitute
ZINGELMANN;Germany;City 5;Unknown;Starter
SIEVEKING;Germany;City 5;Unknown;Starter
WACHENDORF;Germany;City 5;Unknown;Starter
PETERS;Germany;City 5;Unknown;Starter
KROGMANN;Germany;City 5;Unknown;Starter
GERICKE;Germany;City 5;Unknown;Substitute
BURMEISTER;Germany;City 5;Unknown;Substitute
EICKMEYER;Germany;City 5;Unknown;Substitute
HACKMANN;Germany;City 5;Unknown;Substitute
JANKWITZ;Germany;City 5;Unknown;Starter
MAHLSTEDT;Germany;City 5;Unknown;Starter
SCHARFEN;Germany;City 5;Unknown;Substitute
VEIRLANDER;Germany;City 5;Unknown;Starter
KREIENBAUM;Germany;City 5;Unknown;Starter
GEBHARDT;Germany;City 5;Unknown;Substitute
CLAUDIAS;Germany;City 5;Unknown;Substitute
BAGGENDORF;Germany;City 5;Unknown;Starter
FABRICIUS;Germany;City 5;Unknown;Substitute
OELCKERS;Germany;City 5;Unknown;Starter
SCHNEIDER;Germany;City 5;Unknown;Substitute
ZIMMERMANN;Germany;City 6;Unknown;Substitute
WILHELMSEN;Germany;City 6;Unknown;Starter
KUHLMANN;Germany;City 6;Unknown;Starter
GOTTSCHE;Germany;City 6;Unknown;Starter
DAHLMANN;Germany;City 6;Unknown;Starter
JURGENSEN;Germany;City 6;Unknown;Starter
HOFFMANN;Germany;City 6;Unknown;Substitute
BEHRMANN;Germany;City 6;Unknown;Substitute
AUGUSTIN;Germany;City 6;Unknown;Substitute
FABINGER;Germany;City 6;Unknown;Substitute
NECKERMANN;Germany;City 6;Unknown;Starter
VALHEN;Germany;City 6;Unknown;Starter
PRUSSMANN;Germany;City 6;Unknown;Substitute
CHRISTOFF;Germany;City 6;Unknown;Starter
BRINKMANN;Germany;City 6;Unknown;Starter
FEDDERSEN;Germany;City 6;Unknown;Substitute
ESCHENBACH;Germany;City 6;Unknown;Substitute
SCHIFFER;Germany;City 6;Unknown;Starter
WACHSMUTH;Germany;City 6;Unknown;Substitute
LICHTEN;Germany;City 6;Unknown;Starter
ANGERMEIER;Germany;City 6;Unknown;Substitute
FROHLICH;Germany;City 7;Unknown;Substitute
GERSTMEYER;Germany;City 7;Unknown;Starter
KEISER;Germany;City 7;Unknown;Starter
HEINRICHS;Germany;City 7;Unknown;Starter
SCHLIEMANN;Germany;City 7;Unknown;Starter
BEIRMANN;Germany;City 7;Unknown;Starter
FREUDEN;Germany;City 7;Unknown;Substitute
KONNECKE;Germany;City 7;Unknown;Substitute
RADEMACHER;Germany;City 7;Unknown;Substitute
WALLMANN;Germany;City 7;Unknown;Substitute
GOTTHARDT;Germany;City 7;Unknown;Starter
DOEHRING;Germany;City 7;Unknown;Starter
JUNGHEIN;Germany;City 7;Unknown;Substitute
OPPERMANN;Germany;City 7;Unknown;Starter
VOIGT;Germany;City 7;Unknown;Starter
PANLOWSKI;Germany;City 7;Unknown;Substitute
AXHAUSEN;Germany;City 7;Unknown;Substitute
BINGEN;Germany;City 7;Unknown;Starter
CHRISTIEN;Germany;City 7;Unknown;Substitute
JAENICKE;Germany;City 7;Unknown;Starter
KARSTENS;Germany;City 7;Unknown;Substitute
REICHERT;Germany;City 8;Unknown;Substitute
WEDEKIND;Germany;City 8;Unknown;Starter
ROHWEDDER;Germany;City 8;Unknown;Starter
SCHULEN;Germany;City 8;Unknown;Starter
WICHMANN;Germany;City 8;Unknown;Starter
KALTENBACH;Germany;City 8;Unknown;Starter
ENGELHARDT;Germany;City 8;Unknown;Substitute
ARMERDING;Germany;City 8;Unknown;Substitute
BRUNCK;Germany;City 8;Unknown;Substitute
FAHRMANN;Germany;City 8;Unknown;Substitute
HENDRIKSEN;Germany;City 8;Unknown;Starter
AVERSBECK;Germany;City 8;Unknown;Starter
ECHTER;Germany;City 8;Unknown;Substitute
CLAUS;Germany;City 8;Unknown;Starter
FELDTMANN;Germany;City 8;Unknown;Starter
CRETSCHMAR;Germany;City 8;Unknown;Substitute
FRECKSEN;Germany;City 8;Unknown;Substitute
EGGEBRECHT;Germany;City 8;Unknown;Starter
DANNENBERG;Germany;City 8;Unknown;Substitute
FURSTEN;Germany;City 8;Unknown;Starter
DOMBROWSKI;Germany;City 8;Unknown;Substitute
FREIDRICHS;Germany;City 9;Unknown;Substitute
GITTERMANN;Germany;City 9;Unknown;Starter
GORLITZER;Germany;City 9;Unknown;Starter
ADRIANO;Italy;International;Keeper;Substitute
FULVIO;Italy;International;Keeper;Starter
CLAUDIO;Italy;International;Defender;Starter
ALFONSO;Italy;International;Defender;Starter
GUIDO;Italy;International;Defender;Starter
LEO;Italy;International;Defender;Starter
IGNAZIO;Italy;International;Defender;Substitute
VITTORIO;Italy;International;Defender;Substitute
PAOLO;Italy;International;Midfield;Substitute
GABRIELE;Italy;International;Midfield;Substitute
ROCCO;Italy;International;Midfield;Starter
UGO;Italy;International;Midfield;Starter
UBALDO;Italy;International;Midfield;Substitute
MARCELLO;Italy;International;Midfield;Starter
ERNESTO;Italy;International;Midfield;Starter
DOMENICO;Italy;International;Midfield;Substitute
ANTONIO;Italy;International;Forward;Substitute
GERMANO;Italy;International;Forward;Starter
OMAR;Italy;International;Forward;Substitute
AGOSTINO;Italy;International;Forward;Starter
FLAVIO;Italy;International;Forward;Substitute
PIERO;Italy;City 1;Unknown;Substitute
GIORGIO;Italy;City 1;Unknown;Starter
DANILO;Italy;City 1;Unknown;Starter
FABIANO;Italy;City 1;Unknown;Starter
MASSIMO;Italy;City 1;Unknown;Starter
VALENTINO;Italy;City 1;Unknown;Starter
NICOLA;Italy;City 1;Unknown;Substitute
FERDINANDO;Italy;City 1;Unknown;Substitute
EMILIO;Italy;City 1;Unknown;Substitute
LINO;Italy;City 1;Unknown;Substitute
RINO;Italy;City 1;Unknown;Starter
SIMONE;Italy;City 1;Unknown;Starter
WALTER;Italy;City 1;Unknown;Substitute
PIERANGELO;Italy;City 1;Unknown;Starter
CARLO;Italy;City 1;Unknown;Starter
MARIO;Italy;City 1;Unknown;Substitute
EZIO;Italy;City 1;Unknown;Substitute
FELICE;Italy;City 1;Unknown;Starter
VITO;Italy;City 1;Unknown;Substitute
GRAZIANO;Italy;City 1;Unknown;Starter
DAVIDE;Italy;City 1;Unknown;Substitute
BIAGIO;Italy;City 2;Unknown;Substitute
ANDREA;Italy;City 2;Unknown;Starter
GAETANO;Italy;City 2;Unknown;Starter
OTTAVIO;Italy;City 2;Unknown;Starter
LEONARDO;Italy;City 2;Unknown;Starter
EMANUELLE;Italy;City 2;Unknown;Starter
LUIGI;Italy;City 2;Unknown;Substitute
PINO;Italy;City 2;Unknown;Substitute
ALBERTO;Italy;City 2;Unknown;Substitute
EDOARDO;Italy;City 2;Unknown;Substitute
GIANCARLO;Italy;City 2;Unknown;Starter
PATRIZIO;Italy;City 2;Unknown;Starter
RINALDO;Italy;City 2;Unknown;Substitute
CARMINE;Italy;City 2;Unknown;Starter
MATTIA;Italy;City 2;Unknown;Starter
STEFANO;Italy;City 2;Unknown;Substitute
TOMMASO;Italy;City 2;Unknown;Substitute
GIANNI;Italy;City 2;Unknown;Starter
BRUNO;Italy;City 2;Unknown;Substitute
ALFIO;Italy;City 2;Unknown;Starter
GIANMARIA;Italy;City 2;Unknown;Substitute
PASQUALE;Italy;City 3;Unknown;Substitute
LORENZO;Italy;City 3;Unknown;Starter
SILVIO;Italy;City 3;Unknown;Starter
NICOLO;Italy;City 3;Unknown;Starter
FABIO;Italy;City 3;Unknown;Starter
RICCARDO;Italy;City 3;Unknown;Starter
RENZO;Italy;City 3;Unknown;Substitute
GIANNI;Italy;City 3;Unknown;Substitute
AUGUSTO;Italy;City 3;Unknown;Substitute
DARIO;Italy;City 3;Unknown;Substitute
GIUSEPPE;Italy;City 3;Unknown;Starter
ROLANDO;Italy;City 3;Unknown;Starter
SILVANO;Italy;City 3;Unknown;Substitute
VINCENZO;Italy;City 3;Unknown;Starter
ERMANO;Italy;City 3;Unknown;Starter
DINO;Italy;City 3;Unknown;Substitute
BENEDETTO;Italy;City 3;Unknown;Substitute
GIACOMO;Italy;City 3;Unknown;Starter
RAIMONDO;Italy;City 3;Unknown;Substitute
SALVATORE;Italy;City 3;Unknown;Starter
LUCIANO;Italy;City 3;Unknown;Substitute
ENZO;Italy;City 4;Unknown;Substitute
LUCA;Italy;City 4;Unknown;Starter
DANIELE;Italy;City 4;Unknown;Starter
MASSIMO;Italy;City 4;Unknown;Starter
UMBERTO;Italy;City 4;Unknown;Starter
OSCAR;Italy;City 4;Unknown;Starter
FILIPPO;Italy;City 4;Unknown;Substitute
ANGELO;Italy;City 4;Unknown;Substitute
DIEGO;Italy;City 4;Unknown;Substitute
LUCIO;Italy;City 4;Unknown;Substitute
MATTEO;Italy;City 4;Unknown;Starter
RUGGERO;Italy;City 4;Unknown;Starter
SAVINO;Italy;City 4;Unknown;Substitute
GINO;Italy;City 4;Unknown;Starter
ARMANDO;Italy;City 4;Unknown;Starter
GIOVANNI;Italy;City 4;Unknown;Substitute
ELIO;Italy;City 4;Unknown;Substitute
ROMANO;Italy;City 4;Unknown;Starter
FRANCESCO;Italy;City 4;Unknown;Substitute
ORESTE;Italy;City 4;Unknown;Starter
PIETRO;Italy;City 4;Unknown;Substitute
ANDREA;Italy;City 5;Unknown;Substitute
GIULIO;Italy;City 5;Unknown;Starter
RODOLFO;Italy;City 5;Unknown;Starter
SERGIO;Italy;City 5;Unknown;Starter
FAUSTO;Italy;City 5;Unknown;Starter
ENRICO;Italy;City 5;Unknown;Starter
CESARE;Italy;City 5;Unknown;Substitute
ALDO;Italy;City 5;Unknown;Substitute
SEBASTIANO;Italy;City 5;Unknown;Substitute
MARCO;Italy;City 5;Unknown;Substitute
FEDERICO;Italy;City 5;Unknown;Starter
MAURO;Italy;City 5;Unknown;Starter
VALERIO;Italy;City 5;Unknown;Substitute
FERNANDO;Italy;City 5;Unknown;Starter
SANDRO;Italy;City 5;Unknown;Starter
GIULIANO;Italy;City 5;Unknown;Substitute
ORLANDO;Italy;City 5;Unknown;Substitute
GILBERTO;Italy;City 5;Unknown;Starter
CORRADO;Italy;City 5;Unknown;Substitute
ALESSANDRO;Italy;City 5;Unknown;Starter
GERARDO;Italy;City 5;Unknown;Substitute
ROBERTO;Italy;City 6;Unknown;Substitute
MAURIZIO;Italy;City 6;Unknown;Starter
EUGENIO;Italy;City 6;Unknown;Starter
CARLOMARIA;Italy;City 6;Unknown;Starter
PIERLUIGI;Italy;City 6;Unknown;Starter
ALFREDO;Italy;City 6;Unknown;Starter
GIANPIERO;Italy;City 6;Unknown;Substitute
CARLO;Italy;City 6;Unknown;Substitute
GIORDANO;Italy;City 6;Unknown;Substitute
SAVERIO;Italy;City 6;Unknown;Substitute
MICHELE;Italy;City 6;Unknown;Starter
ENNIO;Italy;City 6;Unknown;Starter
GUGLIELMO;Italy;City 6;Unknown;Substitute
ALESSIO;Italy;City 6;Unknown;Starter
ETTORE;Italy;City 6;Unknown;Starter
GIANFRANCO;Italy;City 6;Unknown;Substitute
PIERPAOLO;Italy;City 6;Unknown;Substitute
GIANLUCA;Italy;City 6;Unknown;Starter
PIERO;Italy;City 6;Unknown;Substitute
GIANMARCO;Italy;City 6;Unknown;Starter
FIORENZO;Italy;City 6;Unknown;Substitute
OSVALDO;Italy;City 7;Unknown;Substitute
GIANLUIGI;Italy;City 7;Unknown;Starter
OLIVIERO;Italy;City 7;Unknown;Starter
LOMBARDI;Italy;City 7;Unknown;Starter
ARMANI;Italy;City 7;Unknown;Starter
PREZIONI;Italy;City 7;Unknown;Starter
DOMINO;Italy;City 7;Unknown;Substitute
GINELLI;Italy;City 7;Unknown;Substitute
PAVAROTTI;Italy;City 7;Unknown;Substitute
BELLINI;Italy;City 7;Unknown;Substitute
FERLITO;Italy;City 7;Unknown;Starter
FORESTI;Italy;City 7;Unknown;Starter
ROSSI;Italy;City 7;Unknown;Substitute
RONCARI;Italy;City 7;Unknown;Starter
PIZZA;Italy;City 7;Unknown;Starter
CICCONE;Italy;City 7;Unknown;Substitute
FELLUCINI;Italy;City 7;Unknown;Substitute
MARONI;Italy;City 7;Unknown;Starter
LOMPANO;Italy;City 7;Unknown;Substitute
ROMANIELLO;Italy;City 7;Unknown;Starter
EVANGELI;Italy;City 7;Unknown;Substitute
LUCINI;Italy;City 8;Unknown;Substitute
MARINO;Italy;City 8;Unknown;Starter
ALBERETTO;Italy;City 8;Unknown;Starter
SGARELLA;Italy;City 8;Unknown;Starter
GRANELLI;Italy;City 8;Unknown;Starter
LONGO;Italy;City 8;Unknown;Starter
MARUCA;Italy;City 8;Unknown;Substitute
FERRARIO;Italy;City 8;Unknown;Substitute
MAZARATTI;Italy;City 8;Unknown;Substitute
DONATELLO;Italy;City 8;Unknown;Substitute
COLETTO;Italy;City 8;Unknown;Starter
SCIALPI;Italy;City 8;Unknown;Starter
MORELLINI;Italy;City 8;Unknown;Substitute
BIANCHI;Italy;City 8;Unknown;Starter
CARAVELLO;Brazil;International;Keeper;Substitute
GRASSETTO;Brazil;International;Keeper;Starter
MORO;Brazil;International;Defender;Starter
RIBOLZI;Brazil;International;Defender;Starter
VERNOCCHI;Brazil;International;Defender;Starter
RAIMONDO;Brazil;International;Defender;Starter
GIORILLI;Brazil;International;Defender;Substitute
TREGATTINI;Brazil;International;Defender;Substitute
PIRELLI;Brazil;International;Midfield;Substitute
LEONARDO;Brazil;International;Midfield;Substitute
MAZZONI;Brazil;International;Midfield;Starter
ALDINO;Brazil;International;Midfield;Starter
FARIA;Brazil;International;Midfield;Substitute
MATOS;Brazil;International;Midfield;Starter
NETO;Brazil;International;Midfield;Starter
JESUS;Brazil;International;Midfield;Substitute
BARROS;Brazil;International;Forward;Substitute
AMADO;Brazil;International;Forward;Starter
GIL;Brazil;International;Forward;Substitute
TOME;Brazil;International;Forward;Starter
COVA;Brazil;International;Forward;Substitute
VAZ;Brazil;City 1;Unknown;Substitute
FONSECA;Brazil;City 1;Unknown;Starter
PINH0;Brazil;City 1;Unknown;Starter
BORGES;Brazil;City 1;Unknown;Starter
REGO;Brazil;City 1;Unknown;Starter
SANCHES;Brazil;City 1;Unknown;Starter
MARTINS;Brazil;City 1;Unknown;Substitute
CRUZ;Brazil;City 1;Unknown;Substitute
DINIZ;Brazil;City 1;Unknown;Substitute
ABREU;Brazil;City 1;Unknown;Substitute
HORTA;Brazil;City 1;Unknown;Starter
LOURENCO;Brazil;City 1;Unknown;Starter
XAVIER;Brazil;City 1;Unknown;Substitute
BARATA;Brazil;City 1;Unknown;Starter
FELIX;Brazil;City 1;Unknown;Starter
OLIVEIRA;Brazil;City 1;Unknown;Substitute
GOMES;Brazil;City 1;Unknown;Substitute
RODRIGUES;Brazil;City 1;Unknown;Starter
BELCHIOR;Brazil;City 1;Unknown;Substitute
CHAVES;Brazil;City 1;Unknown;Starter
TRINDADE;Brazil;City 1;Unknown;Substitute
SILVESTRE;Brazil;City 2;Unknown;Substitute
ASSIS;Brazil;City 2;Unknown;Starter
ESTEVES;Brazil;City 2;Unknown;Starter
NUNES;Brazil;City 2;Unknown;Starter
GARCIA;Brazil;City 2;Unknown;Starter
VITOR;Brazil;City 2;Unknown;Starter
EDSON;Brazil;City 2;Unknown;Substitute
CORDEIRO;Brazil;City 2;Unknown;Substitute
DUQUE;Brazil;City 2;Unknown;Substitute
SERRA;Brazil;City 2;Unknown;Substitute
TIAGO;Brazil;City 2;Unknown;Starter
AZEVEDO;Brazil;City 2;Unknown;Starter
JORGINHO;Brazil;City 2;Unknown;Substitute
PIRES;Brazil;City 2;Unknown;Starter
RAMOS;Brazil;City 2;Unknown;Starter
HENRIQUE;Brazil;City 2;Unknown;Substitute
NOGUEIRA;Brazil;City 2;Unknown;Substitute
JOAO;Brazil;City 2;Unknown;Starter
COELHO;Brazil;City 2;Unknown;Substitute
SOUSA;Brazil;City 2;Unknown;Starter
MARCELO;Brazil;City 2;Unknown;Substitute
LOPO;Brazil;City 3;Unknown;Substitute
DIAS;Brazil;City 3;Unknown;Starter
ANJOS;Brazil;City 3;Unknown;Starter
JOSE;Brazil;City 3;Unknown;Starter
NETINHO;Brazil;City 3;Unknown;Starter
MAURO;Brazil;City 3;Unknown;Starter
PERES;Brazil;City 3;Unknown;Substitute
CARLOS;Brazil;City 3;Unknown;Substitute
TOMAS;Brazil;City 3;Unknown;Substitute
MARINHO;Brazil;City 3;Unknown;Substitute
JACINTO;Brazil;City 3;Unknown;Starter
RIBEIRC;Brazil;City 3;Unknown;Starter
JUNIOR;Brazil;City 3;Unknown;Substitute
SANTOS;Brazil;City 3;Unknown;Starter
ADELINO;Brazil;City 3;Unknown;Starter
FIGUEIREDO;Brazil;City 3;Unknown;Substitute
PAIVA;Brazil;City 3;Unknown;Substitute
VIEIRA;Brazil;City 3;Unknown;Starter
EDU;Brazil;City 3;Unknown;Substitute
MACHADO;Brazil;City 3;Unknown;Starter
LUCAS;Brazil;City 3;Unknown;Substitute
REBELO;Brazil;City 4;Unknown;Substitute
BERNARD0;Brazil;City 4;Unknown;Starter
ANDRE;Brazil;City 4;Unknown;Starter
NORONHA;Brazil;City 4;Unknown;Starter
SILVEIRA;Brazil;City 4;Unknown;Starter
QUEIROZ;Brazil;City 4;Unknown;Starter
GUERREIRO;Brazil;City 4;Unknown;Substitute
DELGADO;Brazil;City 4;Unknown;Substitute
BALTAZAR;Brazil;City 4;Unknown;Substitute
COSTA;Brazil;City 4;Unknown;Substitute
FERREIRA;Brazil;City 4;Unknown;Starter
FABIO;Brazil;City 4;Unknown;Starter
MENEZES;Brazil;City 4;Unknown;Substitute
ALEXANDRE;Brazil;City 4;Unknown;Starter
TOBIAS;Brazil;City 4;Unknown;Starter
TORRES;Brazil;City 4;Unknown;Substitute
PEDRO;Brazil;City 4;Unknown;Substitute
LACERDA;Brazil;City 4;Unknown;Starter
NEVES;Brazil;City 4;Unknown;Substitute
SILVIO;Brazil;City 4;Unknown;Starter
GONCALVES;Brazil;City 4;Unknown;Substitute
MIRO;Brazil;City 5;Unknown;Substitute
ELIAS;Brazil;City 5;Unknown;Starter
SERGIO;Brazil;City 5;Unknown;Starter
INACIO;Brazil;City 5;Unknown;Starter
CAFE;Brazil;City 5;Unknown;Starter
ASSUNCAO;Brazil;City 5;Unknown;Starter
CAETANO;Brazil;City 5;Unknown;Substitute
VARELA;Brazil;City 5;Unknown;Substitute
FAUSTINO;Brazil;City 5;Unknown;Substitute
PIMENTA;Brazil;City 5;Unknown;Substitute
GASPAR;Brazil;City 5;Unknown;Starter
TITO;Brazil;City 5;Unknown;Starter
TAVARES;Brazil;City 5;Unknown;Substitute
BRUNO;Brazil;City 5;Unknown;Starter
FLAVIO;Brazil;City 5;Unknown;Starter
PELOTA;Brazil;City 5;Unknown;Substitute
AFONSO;Brazil;City 5;Unknown;Substitute
NELSON;Brazil;City 5;Unknown;Starter
SEVERINO;Brazil;City 5;Unknown;Substitute
CELSO;Brazil;City 5;Unknown;Starter
ROCHA;Brazil;City 5;Unknown;Substitute
TOMAS;Brazil;City 6;Unknown;Substitute
PAULO;Brazil;City 6;Unknown;Starter
ABREU;Brazil;City 6;Unknown;Starter
GIL;Brazil;City 6;Unknown;Starter
PEREIRA;Brazil;City 6;Unknown;Starter
ALEMAO;Brazil;City 6;Unknown;Starter
AMARAL;Brazil;City 6;Unknown;Substitute
CABRAL;Brazil;City 6;Unknown;Substitute
SIMOES;Brazil;City 6;Unknown;Substitute
MATA;Brazil;City 6;Unknown;Substitute
REINALDO;Brazil;City 6;Unknown;Starter
GRACA;Brazil;City 6;Unknown;Starter
QUINTAS;Brazil;City 6;Unknown;Substitute
GODINHO;Brazil;City 6;Unknown;Starter
BATISTA;Brazil;City 6;Unknown;Starter
FERNANDES;Brazil;City 6;Unknown;Substitute
RAMALHO;Brazil;City 6;Unknown;Substitute
GUERRA;Brazil;City 6;Unknown;Starter
ABREU;Brazil;City 6;Unknown;Substitute
TEIXEIRA;Brazil;City 6;Unknown;Starter
SOARES;Brazil;City 6;Unknown;Substitute
VALENTE;Brazil;City 7;Unknown;Substitute
CORREIA;Brazil;City 7;Unknown;Starter
REIS;Brazil;City 7;Unknown;Starter
LUIZINHO;Brazil;City 7;Unknown;Starter
AGOSTINHO;Brazil;City 7;Unknown;Starter
MESQUITA;Brazil;City 7;Unknown;Starter
PACHECO;Brazil;City 7;Unknown;Substitute
VELOSO;Brazil;City 7;Unknown;Substitute
SILVA;Brazil;City 7;Unknown;Substitute
CALDIERA;Brazil;City 7;Unknown;Substitute
RICARDO;Brazil;City 7;Unknown;Starter
AGOSTINHO;Brazil;City 7;Unknown;Starter
ALMEIDA;Brazil;City 7;Unknown;Substitute
VICENTE;Brazil;City 7;Unknown;Starter
SERRA;Brazil;City 7;Unknown;Starter
LOPES;Brazil;City 7;Unknown;Substitute
MAGALHAES;Brazil;City 7;Unknown;Substitute
PEDROSA;Brazil;City 7;Unknown;Starter
BARBOSA;Brazil;City 7;Unknown;Substitute
ABRANTES;Brazil;City 7;Unknown;Starter
OSMAR;Brazil;City 7;Unknown;Substitute
MATIAS;Brazil;City 8;Unknown;Substitute
VENTURA;Brazil;City 8;Unknown;Starter
TECO;Brazil;City 8;Unknown;Starter
TATO;Brazil;City 8;Unknown;Starter
SONECA;Brazil;City 8;Unknown;Starter
EVARISTO;Brazil;City 8;Unknown;Starter
AMARO;Brazil;City 8;Unknown;Substitute
RAPOSO;Brazil;City 8;Unknown;Substitute
SARAIVA;Brazil;City 8;Unknown;Substitute
ALVES;Brazil;City 8;Unknown;Substitute
BALEIA;Brazil;City 8;Unknown;Starter
FARINHA;Brazil;City 8;Unknown;Starter
CAMACHO;Brazil;City 8;Unknown;Substitute
MARQUES;Brazil;City 8;Unknown;Starter
PELOTA;Brazil;City 8;Unknown;Starter
AGUSTO;Brazil;City 8;Unknown;Substitute
ANDRADE;Brazil;City 8;Unknown;Substitute
BOTELHO;Brazil;City 8;Unknown;Starter
MENDES;Brazil;City 8;Unknown;Substitute
ANGELO;Brazil;City 8;Unknown;Starter
PINTO;Brazil;City 8;Unknown;Substitute
LOPES;Brazil;City 9;Unknown;Substitute
ANTUNES;Brazil;City 9;Unknown;Starter
BRANCO;Brazil;City 9;Unknown;Starter
LEAL;Brazil;City 9;Unknown;Starter
JOEL;Brazil;City 9;Unknown;Starter
GUILHERME;Brazil;City 9;Unknown;Starter
BENTO;Brazil;City 9;Unknown;Substitute
CASTRO;Brazil;City 9;Unknown;Substitute
ARAUJO;Brazil;City 9;Unknown;Substitute
DUARTE;Brazil;City 9;Unknown;Substitute
SALGADO;Brazil;City 9;Unknown;Starter
LIMA;Brazil;City 9;Unknown;Starter
BELO;Brazil;City 9;Unknown;Substitute
CERQUEIRA;Brazil;City 9;Unknown;Starter
BETINHO;Brazil;City 9;Unknown;Starter
LEMOS;Brazil;City 9;Unknown;Substitute
BEIRAO;Brazil;City 9;Unknown;Substitute
ROQUE;Brazil;City 9;Unknown;Starter
CARVALHO;Brazil;City 9;Unknown;Substitute
SALGUEIRO;Brazil;City 9;Unknown;Starter
ACACIO;Brazil;City 9;Unknown;Substitute
LEITAO;Brazil;City 10;Unknown;Substitute
